14,Dinamo City
15,AF Elbasani
16,Flamurtari Vlorë
19,KF Laçi
21,Partizani
23,KF Tirana
25,Apolonia Fier
26,Besa
29,Bylis
32,Kastrioti
34,Lushnja
36,Pogradeci
38,Skënderbeu
40,Teuta
44,Vllaznia
45,Khroub
46,ASM Oran
47,ASO Chlef
49,CA Batna
51,Belouizdad
52,CR Témouchent
53,CS Constantine
54,ESM Mostaganem
55,ES Sétif
56,Kabylie
58,Skikda
59,MC Alger
61,MC Oran
62,MC Saïda
64,MO Constantine
66,NA Hussein Dey
67,Olympique Médéa
68,Paradou
71,US Biskra
72,USM Alger
73,Annaba
76,El Harrach
79,Tlemcen
81,Atlètic d'Escaldes
86,Rànger's
88,FC Santa Coloma
89,Inter d'Escaldes
96,UE Santa Coloma
98,Boca Unidos
99,Argentinos Juniors
100,Arsenal
101,Atlético Rafaela
102,Aldosivi
103,All Boys
104,Banfield
105,Belgrano
106,Boca Juniors
107,Deportivo Merlo
108,Huracán
109,Independiente
110,Lanús
112,Patronato
113,Platense
114,River Plate
115,Rosario Central
116,Tigre
117,Atlético Tucumán
119,Chacarita Juniors
120,Almirante Brown
121,Olimpo
122,Guillermo Brown
123,Desamparados
124,Colón
126,Defensa y Justicia
127,Estudiantes (LP)
128,Ferro Carril Oeste
129,Gimnasia (J)
130,Gimnasia (LP)
131,Godoy Cruz
132,Atlanta
133,Indep. Rivadavia
134,Instituto
135,Newell's Old Boys
136,Quilmes
137,Racing Club
138,San Lorenzo
139,San Martín (SJ)
140,San Martín (T)
141,Talleres
143,Unión
144,Vélez Sarsfield
145,Ararat-Armenia
151,Gandzasar
154,MIKA
156,Pyunik
158,Shirak
171,Adelaide United
172,C. Coast Mariners
173,W. Sydney Wanderers
174,Melbourne Victory
175,Newcastle Jets
176,Melbourne City
177,Perth Glory
178,Brisbane Roar
179,Sydney
180,Wellington Phoenix
182,Leoben
189,RB Salzburg
190,Liefering
191,Wacker Innsbruck
192,Admira
193,Austria Vienna
195,First Vienna
197,Kapfenberg
198,Wolfsberger
200,SCR Altach
202,Austria Klagenfurt
203,Rapid Wien
204,Sturm Graz
205,St. Pölten
209,SV Ried
211,Hartberg
212,Blau-Weiß
216,Qarabağ
217,Karvan
221,Qäbälä
223,Sumgayit
224,Neftchi Baku
225,Turan
229,Al Hala
230,Al-Ahli
234,Al-Shabab
236,Bahrain
241,Malikiya
245,BATE Borisov
246,Belshyna
247,Slutsk
248,Dinamo Brest
249,Dinamo Minsk
250,Dinamo-Belkard
252,Baranovichi
253,Gomel
254,FC Minsk
256,Smorgon
258,Vitebsk
261,Klechesk Kletsk
265,Slavia Mozyr
266,Naftan
267,Neman
271,Torpedo Zhodino
275,Volna Pinsk
276,Energetik-BGU
277,KAA Gent
278,Antwerp
279,Cercle Brugge
280,Club Brugge
281,Dender
283,Vise
286,Tubize
287,Beerschot
288,Sint-Truidensem
291,Deinze
294,Kortrijk
295,Mechelen
298,Tienen
299,Lommel
300,Lierse
301,Olympic Charleroi
302,OH Leuven
303,Mons
304,RFC Liège
305,Anderlecht
306,Genk
308,SK Beveren
309,Cappellen
311,Roeselare
312,Zulte Waregem
313,Charleroi
314,Lokeren
315,Standard Liège
316,KAS Eupen
317,Union Saint-Gilloise
321,Westerlo
335,Guabirá
336,Aurora
337,Blooming
338,Bolívar
339,Nacional Potosí
340,GV San José
343,Oriente Petrolero
345,Real Potosí
346,The Strongest
349,Borac BL
351,Buducnost Banovici
357,Laktaši
359,Rudar Prijedor
365,Radnik
368,Sarajevo
371,Sloboda Tuzla
372,Sloga
374,Velez Mostar
377,GOŠK
379,Zrinjski
380,Čelik Zenica
391,Siroki Brijeg
395,ABC
396,Atlético-GO
397,América-MG
398,Athletico-PR
399,Avaí
400,Botafogo
401,Atlético-MG
402,RB Bragantino
403,Ceará
405,Coritiba
406,Criciúma
407,Cruzeiro
408,Bahia
409,Figueirense
410,Flamengo
411,Fluminense
413,Goiás
414,Grêmio
416,Internacional
417,ASA
418,Guarani
421,Náutico
422,Palmeiras
425,Ponte Preta
426,Portuguesa-RJ
427,Remo
428,Corinthians
429,Santa Cruz
431,Santos
432,Gama
433,Sport Recife
435,São Paulo
436,Vasco da Gama
437,Vila Nova
438,Vitória
439,Akademik
442,Dobrudzha
443,Dorostol
444,Beroe
446,Ludogorets
447,CSKA Sofia
450,Cherno More
451,Chernomorets Balchik
452,Chernomorets Burgas
453,Dunav
454,Marek Dupnitsa
458,Levski
460,Botev Vratsa
461,Lokomotiv Plovdiv
462,Lokomotiv Sofia
464,Lyubimetz
467,Minyor Pernik
471,Montana
472,Nesebar
473,Pirin B'grad
477,Slavia Sofia
478,Spartak Pleven
480,Spartak Varna
481,Svoge
490,Inter Toronto
491,London City
494,CF Montréal
503,Vancouver WC
504,Victoria
505,Dep. Antofagasta
506,Audax Italiano
507,Cobresal
508,Ñublense
509,Rangers de Talca
510,Cobreloa
511,Colo Colo
512,Coquimbo Unido
513,Curicó Unido
515,Copiapó
516,Dep. La Serena
517,Magallanes
518,Temuco
519,Everton
520,Deportes Naval
521,Huachipato
522,Lota Schwager
523,Deportes Iquique
524,O'Higgins
525,Palestino
526,San Marcos
527,Puerto Montt
528,San Luis Quillota
529,Santiago Morning
530,Santiago Wanderers
531,Univ. Católica
532,Universidad de Chile
533,Univ. Concepción
534,Unión Española
535,U. La Calera
536,U. San Felipe
538,Beijing Guoan
541,Changchun Yatai
544,Chengdu Rongcheng
545,Yunnan Yukun
547,Guizhou Zhucheng
552,Liaoning Tieren
560,Shanghai Shenhua
568,Yanbian Longding
570,América de Cali
571,Indep. Yumbo
572,Real Cartagena
573,Junior
574,Atlético Nacional
575,Boyacá Chicó
576,Inter Bogotá
577,Millonarios
579,Deportes Quindío
580,Deportes Tolima
581,Deportivo Cali
583,Deportivo Pereira
584,Envigado
585,Indep. Medellín
586,Indep. Santa Fe
587,Once Caldas
589,Pérez Zeledón
591,San Carlos
593,Cartaginés
594,Herediano
595,Saprissa
596,Alajuelense
597,Santos de Guapiles
598,Puntarenas
600,Cibalia
601,Croatia Sesvete
602,Dinamo Zagreb
603,Šibenik
604,Rijeka
606,Segesta
607,Hajduk Split
609,Istra 1961
611,Lokomotiva
612,Dugopolje
616,Karlovac
621,Osijek
623,Rudeš
630,Slaven Belupo
631,Varaždin
632,AEK Larnaca
633,AEL Limassol
636,APOEL
639,Akritas Chloraka
643,Anorthosis
644,Apollon Limassol
649,Doxa
650,EN Paralimni
652,Ermis Aradippou
653,Ethnikos
657,Nea Salamina
658,Olympiakos Nicosia
660,Omonia Aradippou
661,Omonia Nicosia
663,PAEEK
664,Zbrojovka Brno
665,Slovácko
666,Příbram
667,Karvina
668,Baník Ostrava
669,Baník Sokolov
670,Bohemians Praha
671,Sezimovo Usti
672,Sparta Praha B
673,Varnsdorf
674,Dukla
676,Hlučín
678,FK Jablonec
679,Mladá Boleslav
680,Teplice
681,Vlasim
682,Hradec Králové
684,Opava
685,Kladno
686,Sigma Olomouc
687,Sigma B
688,Slavia Praha
689,Slovan Liberec
691,Sparta Praha
692,FC Zlin
693,Trinec
694,Viktoria Plzeň
695,Viktoria Zizkov
696,Jihlava
697,Vítkovice
699,Ústí nad Labem
700,Horsens
701,AGF Aarhus
703,Aalborg BK
705,Aarhus Fremad
706,AB
713,B 93
714,Brabrand
715,Brøndby
718,Esbjerg
721,Fredericia
724,Copenhagen
725,Midtjylland
726,Nordsjælland
727,FC Roskilde
732,Hellerup IK
734,Hobro
737,Hvidovre
738,FC Helsingør
741,HB Køge
742,Nykøbing
743,Lyngby
745,Næstved
746,Odense Boldklub
748,Randers
749,Middelfart
750,Silkeborg
756,SønderjyskE
760,Vejle
761,Viborg
764,Barcelona SC
765,El Nacional
767,Olmedo
769,Imbabura
770,Emelec
772,Manta
773,Dep. Cuenca
774,Dep. Quito
775,LDU Quito
776,Moqaouloun
777,El-Entag
778,ENPPI
779,Al-Ahly
780,El-Ittihad
781,Al Masry
782,Smouha
783,El-Makasa
784,Haras
785,Ismaily
787,Petrojet
788,Wadi Degla
789,El Gaish
790,El Gouna
791,Zamalek
792,Isidro Metapán
793,Alianza
794,Atlético Balboa
797,FAS
799,Águila
800,LA Firpo
802,Bournemouth
803,Hornchurch
804,Telford Utd
805,Wimbledon
806,Accrington
807,Aldershot
809,Altrincham
810,Arsenal
811,Aston Villa
812,Barnet
813,Barnsley
814,Barrow
816,Bath
817,Bedford
818,Birmingham City
820,Blackburn Rovers
821,Blackpool
822,Blyth Spartans
824,Bolton Wanderers
825,Boston
826,Brackley
827,Bradford City
828,Braintree
829,Brentford
830,Brighton & Hove
831,Bristol City
832,Bristol Rovers
833,Bromley
834,Burnley
836,Burton Albion
838,Buxton
840,Cambridge Utd
841,Cardiff City
842,Carlisle
843,Charlton Athletic
844,Chelmsford
845,Chelsea
846,Cheltenham
847,Chester
848,Chesterfield
851,Colchester
853,Coventry City
854,Crawley
855,Crewe Alexandra
856,Crystal Palace
857,Dag and Red
858,Darlington
859,Derby County
860,Doncaster Rovers
862,Dover
864,Eastbourne Boro
865,Eastleigh
867,Ebbsfleet Utd
868,Everton
869,Exeter City
870,Halifax
873,Farsley Celtic
875,Fleetwood
876,Forest Green
877,Fulham
879,Gateshead
880,Gillingham
881,Gloucester
883,Grimsby
886,Hampton & Richmond
887,Harrogate
889,Hartlepool
892,Hednesford
893,Hemel Hempstead
895,Hereford
898,Horsham
900,Huddersfield Town
901,Hull City
904,Ipswich Town
906,Kidderminster
907,King's Lynn
908,Lancaster City
909,Leeds United
910,Leicester City
913,Leyton Orient
914,Lincoln City
915,Liverpool
916,Luton Town
917,Macclesfield
918,Maidenhead
919,Manchester City
920,Manchester United
921,Mansfield Town
924,Middlesbrough
925,Millwall
926,MK Dons
927,Morecambe
928,Newcastle United
929,Newport County
930,Northampton
932,Norwich City
933,Nottingham Forest
934,Notts County
936,Oldham Athletic
937,Oxford City
938,Oxford United
939,Peterborough Utd
940,Plymouth Argyle
941,Port Vale
942,Portsmouth
943,Preston North End
944,Queens Park Rangers
946,Reading
948,Rochdale
949,Rotherham United
951,Salisbury
952,Scarborough
953,Scunthorpe United
954,Sheffield United
955,Sheffield Wednesday
956,Shrewsbury
957,Slough
958,Solihull
959,Southampton
960,Southend
961,Southport
962,St Albans
966,Tonbridge
967,Stevenage
968,Stockport County
969,Stoke City
970,Sunderland
971,Sutton United
972,Swansea City
973,Swindon Town
974,Tamworth
975,Truro
976,Torquay
977,Tottenham Hotspur
978,Tranmere Rovers
979,Spennymoor
980,Walsall
981,Watford
983,West Bromwich
984,West Ham United
986,Weymouth
987,Wigan Athletic
989,Woking
990,Wolverhampton
993,Worksop
994,Wrexham
995,Wycombe Wanderers
996,Yeovil
1000,Flora
1001,Kuressaare
1003,Paide
1004,Tammeka
1007,Levadia
1008,Nõmme Kalju
1011,Legion
1012,Tallinna Kalev
1015,Narva Trans
1021,Tikves
1022,Belasica
1023,Bregalnica Štip
1032,Ohrid
1033,Pelister
1035,Rabotnički
1036,Skopje
1046,KF Shkëndija
1047,Sileks
1048,Shkupi
1051,Vardar Skopje
1056,B36
1059,B68
1064,HB
1066,KÍ Klaksvík
1070,NSÍ
1078,Víkingur Gøta
1084,Oulu
1086,Haka
1087,Honka
1089,Inter Turku
1091,Lahti
1093,Jaro
1096,HJK Helsinki
1097,SJK Seinäjoki
1098,Mariehamn
1102,KPV Kokkola
1103,KuPS
1109,Gnistan
1113,TPS
1114,VPS Vaasa
1116,Ajaccio
1117,Arles-Avignon
1118,Auxerre
1119,Beauvais
1120,Cannes
1121,Cherbourg
1122,Monaco
1123,Nancy
1124,Saint-Étienne
1125,Amiens
1126,Angers
1128,Besançon
1129,Louhans-Cuiseaux
1130,Sedan
1131,Frejus
1133,Clermont
1134,Dijon
1136,Troyes
1137,Guingamp
1138,Bordeaux
1139,Gueugnon
1140,Istres
1141,Martigues
1142,Metz
1143,Nantes
1144,Rouen
1145,Sochaux
1146,Sète
1147,Toulouse
1148,Grenoble
1149,Evian
1150,Châteauroux
1151,Le Havre
1152,Le Mans
1153,Libourne
1154,Lille
1155,Lorient
1156,Montpellier
1157,Nîmes
1158,Nice
1160,Olympique Lyon
1161,Marseille
1163,Paris FC
1164,PSG
1165,Lens
1166,Strasbourg
1167,Rodez
1168,Bastia
1169,Caen
1170,Orleans
1171,Colmar
1172,Toulon
1173,Brest
1174,Laval
1175,Rennes
1176,Reims
1177,Athlético Marseille
1178,Boulogne
1179,Créteil
1180,Luzenac
1181,Quevilly-Rouen
1182,Valenciennes
1183,Vannes
1185,Dila Gori
1186,Dinamo Batumi
1187,Dinamo Tbilisi
1188,Gagra
1191,Lokomotive Tbilisi
1192,Merani
1193,Samtredia
1194,Rustavi Metalurgist
1198,Torpedo Kutaisi
1200,Eintracht Bamberg
1201,Kaiserslautern
1203,Köln
1204,Magdeburg
1205,Nürnberg
1206,Saarbrücken
1207,Union Berlin
1208,Mainz 05
1209,Alemannia Aachen
1211,Arminia Bielefeld
1213,Bayer Leverkusen
1215,Bayern München
1217,Dortmund
1219,Bor. M'gladbach
1222,Dynamo Dresden
1223,Eint. Braunschweig
1224,Eintracht Frankfurt
1225,Energie Cottbus
1226,Erzgebirge Aue
1227,Augsburg
1228,Ingolstadt
1231,Schalke 04
1232,St. Pauli
1236,Fortuna Düsseldorf
1238,Hamburg
1240,Hannover 96
1241,Hansa Rostock
1242,Hertha BSC
1244,Holstein Kiel
1246,Karlsruher
1247,Preußen Münster
1250,MSV Duisburg
1253,Rot-Weiss Essen
1255,Freiburg
1256,Paderborn
1258,Verl
1259,Jahn Regensburg
1262,Darmstadt 98
1264,Elversberg
1265,Sandhausen
1266,Waldhof Mannheim
1267,Wehen Wiesbaden
1268,Werder Bremen
1269,Heidenheim
1271,Greuther Fürth
1272,Unterhaching
1276,Hoffenheim
1277,1860 München
1281,Lübeck
1282,Stuttgart
1283,Stuttgart II
1284,Bochum
1285,Osnabrück
1286,Wolfsburg
1289,Wacker Burghausen
1293,AEL Larissa
1295,AEK
1298,Zakynthos
1308,Anagennisi Karditsa
1309,Apollon Kalamarias
1310,Aris
1313,Atromitos
1323,Panserraikos
1331,Kallithea
1337,Levadiakos
1342,Niki Volos
1343,OFI Creta
1345,Olympiacos
1349,Egaleo
1352,PAOK
1353,PAS Giannina
1355,Kalamata
1357,Panargiakos
1358,Panathinaikos
1360,Panetolikos
1361,Panionios
1362,Panthrakikos
1373,Malacateco
1374,Marquense
1375,Suchitepéquez
1377,Comunicaciones
1378,Municipal
1383,Xelajú
1384,Marathón
1385,Motagua
1386,Olimpia
1387,Platense
1388,Victoria
1389,Vida
1391,Choloma
1392,Real España
1396,Eastern SC
1401,HK Rangers
1402,Kitchee
1407,Tai Po
1411,Siófok
1416,Honvéd
1418,Békéscsaba
1420,Debrecen
1421,Diósgyőr
1424,Ajka
1425,Fehérvár
1426,Mezőkövesd
1427,Tatabánya
1428,Ferencváros
1429,Győr Eto
1431,Gyirmót
1434,Puskás
1436,Kazincbarcika
1437,Kecskeméti
1438,Kozármisleny
1440,MTK Budapest
1443,Nyíregyháza
1444,Paksi
1445,Pécs
1449,Haladás
1451,Budafoki
1452,Vasas
1457,Újpest
1458,Afturelding
1459,Breiðablik
1460,FH
1465,Vestri
1466,HK
1470,KA
1472,Keflavík
1473,Víkingur Reykjavík
1474,KR
1476,Fram
1481,Selfoss
1482,Stjarnan
1487,Valur
1491,ÍBV
1495,ÍA
1496,Fylkir
1500,Churchill Bros
1501,Dempo
1506,East Bengal
1508,Mohammedan SC
1518,Ashdod
1519,B. Jerusalem
1522,Bnei Sakhnin
1523,Bnei Yehuda
1524,Nes Tziona
1526,H. Acre
1528,H. Be'er Sheva
1532,Hapoel Haifa
1533,H. Kiryat Shmona
1534,H. Rishon LeZion
1535,H. Hadera
1536,H. Kfar-Saba
1540,H. Petah Tikva
1541,H. Ra'anana
1542,H. Ramat-Gan
1543,Hapoel Tel Aviv
1546,H. Ramat HaSharon
1547,M. Ahi Nazareth
1550,Maccabi Haifa
1554,M. Kafr Kanna
1555,M. Netanya
1556,M. Petah Tikva
1557,Maccabi Tel Aviv
1558,Gubbio
1560,Cesena
1563,Lumezzane
1564,Mantova
1566,Milan
1570,Reggiana
1571,Carpi
1572,Siena
1573,Fiorentina
1574,Bari
1575,Cittadella
1576,Livorno
1577,Lucchese
1578,Roma
1579,Spezia
1580,Ascoli
1581,Atalanta
1582,Benevento
1583,Bologna
1585,Cagliari
1586,Catania
1587,Como
1588,Padova
1589,Empoli
1590,Crotone
1592,Frosinone
1593,Union Brescia
1594,Genoa
1595,Hellas Verona
1596,Inter
1597,Juventus
1598,Messina
1599,Modena
1600,Novara
1601,Carrarese
1602,Parma
1603,Perugia
1604,Pescara
1605,Piacenza
1606,Pisa
1608,Potenza
1610,Ravenna
1612,Reggina
1613,Rimini
1614,Trapani
1615,Ferrara
1616,Latina
1617,Juve Stabia
1618,Lazio
1619,Barletta Calcio
1620,Sambenedettese
1622,Napoli
1624,Salernitana
1625,Sorrento
1626,Taranto
1628,Torino
1629,Siracusa
1630,AlbinoLeffe
1631,Sampdoria
1633,Palermo
1634,Cremonese
1635,Foggia
1636,Grosseto
1637,Lecce
1638,Alessandria
1639,Pergolettese
1640,Sassuolo
1641,Triestina
1642,Udinese
1643,Vicenza
1660,Albirex Niigata
1661,Avispa Fukuoka
1662,Cerezo Osaka
1663,Consadole Sapporo
1664,Ehime FC
1667,FC Tokyo
1668,Fagiano Okayama
1669,Gainare Tottori
1670,Gamba Osaka
1672,JEF United Chiba
1673,Júbilo Iwata
1674,Kashima Antlers
1675,Kashiwa Reysol
1677,Kawasaki Frontale
1678,Kyoto Sanga
1679,Mito HollyHock
1680,Montedio Yamagata
1681,Nagoya Grampus
1682,Kitakyushu
1683,Oita Trinita
1684,RB Omiya Ardija
1685,Roasso Kumamoto
1687,Sagan Tosu
1690,Sanfrecce Hiroshima
1691,Shimizu S-Pulse
1692,Shonan Bellmare
1697,Tokushima Vortis
1698,Tokyo Verdy
1699,Urawa Reds
1700,Vegalta Sendai
1701,Ventforet Kofu
1702,Vissel Kobe
1704,Yokohama FM
1705,Yokohama
1706,Aktobe
1707,Taraz
1708,Astana
1709,FC Atyrau
1710,Ekibastuz
1713,Irtysh Pavlodar
1715,Kaisar Kyzylorda
1717,Ordabasy Shymkent
1718,Shakhter Karaganda
1719,Tobol Kostanay
1720,Kyzylzhar
1721,Zhetysu
1722,Busan IPark
1724,Daegu
1725,Daejeon Hana Citizen
1726,Seoul
1728,Gyeongnam
1729,Incheon United
1730,Jeju SK
1731,Jeonbuk HD Motors
1732,Pohang Steelers
1733,Seongnam
1734,Gangwon
1735,Suwon Samsung
1736,Ulsan HD
1739,Auda
1741,RFS
1751,Jelgava
1756,Tukums
1758,Ventspils
1764,METTA
1767,Ogre United
1774,FK Banga
1775,Ekranas
1779,Jonava
1780,Nevėžis
1782,Sūduva
1783,Siauliai
1786,Zalgiris
1791,Dainava
1795,Dudelange
1797,Differdange
1798,Progrès Niederkorn
1800,Swift Hesperange
1803,Racing FC
1815,Kedah
1817,Kuala Lumpur
1821,Negeri Sembilan
1824,Pahang
1830,PDRM
1832,Sabah
1834,Selangor
1837,Terengganu
1840,Birkirkara FC
1842,Floriana
1843,Hamrun Spartans
1844,Paola Hibernians
1846,Marsaxlokk
1856,Sliema Wanderers
1862,Atlante
1863,Atlas
1865,Guadalajara
1866,Cruz Azul
1867,Querétaro
1868,Monterrey
1869,Pachuca
1870,Tecos
1872,América
1873,Tigres UANL
1874,Necaxa
1875,Santos Laguna
1876,Pumas UNAM
1877,Toluca
1878,Puebla
1879,Atlético San Luis
1881,Politehnica UTM
1885,Iskra-Stali
1889,Milsami
1893,Sheriff
1895,Zimbru
1899,Bokelj
1901,Buducnost
1903,Dečić
1916,Mornar
1921,Sutjeska Nikšić
1927,Petrovac
1928,Wydad Fes
1929,Y. Berrechid
1930,Chabab Houara
1931,CR Hoceima
1932,Meknès
1933,Difaâ El Jadida
1934,FAR Rabat
1935,FUS Rabat
1936,Hassania
1937,Hilal de Nador
1938,Khemisset
1939,IR Tanger
1940,JS Massira
1941,Kawkab Marrakech
1942,Kenitra
1943,Maghreb Fès
1944,Tétouan
1945,MC Oujda
1946,Khouribga
1947,Safi
1948,Racing Casablanca
1949,Rachad Bernoussi
1950,Raja Casablanca
1951,JSKT
1952,SCC Mohammédia
1953,TAS Casablanca
1954,Wydad Témara
1955,US Mohammédia
1956,Sale
1957,Ben Salah
1958,Al Hoceima
1959,Wydad
1960,ADO Den Haag
1963,AZ Alkmaar
1964,Ajax
1966,De Graafschap
1967,Den Bosch
1968,Dordrecht
1969,Eindhoven
1970,Emmen
1971,Groningen
1972,Lisse
1973,Almere City
1974,Twente
1975,Utrecht
1976,Volendam
1977,PEC Zwolle
1978,Feyenoord
1979,Fortuna Sittard
1980,Go Ahead Eagles
1983,Helmond Sport
1984,Heracles Almelo
1985,Ijsselmeervogels
1986,Quick Boys
1987,MVV Maastricht
1988,NAC Breda
1989,NEC Nijmegen
1990,PSV
1992,RKC Waalwijk
1993,Roda
1994,Excelsior
1995,Cambuur
1996,Heerenveen
1997,Spakenburg
1998,Sparta Rotterdam
1999,TOP Oss
2000,Telstar
2003,VVV-Venlo
2004,Vitesse
2005,Willem II
2025,Auckland City
2055,Cliftonville
2057,Coleraine
2059,Crusaders
2065,Dungannon
2069,Glentoran
2075,Larne
2077,Linfield
2093,Aalesund
2094,Alta
2095,Bryne
2096,Asker
2097,Bodø Glimt
2098,Haugesund
2100,Fredrikstad
2101,Ham-Kam
2102,Hønefoss
2103,Start
2104,Hødd
2105,Kongsvinger
2106,Lillestrøm
2108,Molde
2109,Mjondalen
2110,Notodden
2112,Odd
2114,Rosenborg
2115,Brann
2116,Sandefjord
2117,Sandnes
2118,Sarpsborg
2119,Ranheim
2120,Sogndal
2121,Stabæk
2122,Strømsgodset
2123,Strømmen
2124,Tromsø
2125,Viking
2126,Vålerenga
2127,Alianza
2130,Plaza Amador
2131,Sporting SM
2132,Árabe Unido
2134,Chorrillo
2135,San Francisco
2136,Tauro
2137,General Caballero
2138,2 de Mayo
2140,Cerro Porteño
2141,Independiente (CG)
2142,Guaraní
2143,Libertad
2144,Club Nacional
2145,Rubio Ñu
2147,Sol de América
2148,Olimpia
2150,Sportivo Luqueño
2151,Sportivo Trinidense
2152,Tacuary
2158,Alianza Lima
2163,Atlético Torino
2165,Carlos A. Mannucci
2168,Atlético Grau
2169,Alianza Atlético
2173,Deportivo Coopsol
2174,Sport Huancayo
2178,Deportivo Municipal
2181,Melgar
2185,Juan Aurich
2188,León de Huánuco
2192,Sport Boys
2193,Sport Áncash
2194,Sporting Cristal
2195,Racing Huamachuco
2197,Univ. César Vallejo
2199,CD USMP
2200,UTC
2201,Universitario
2203,Unión Comercio
2204,Minas
2208,ŁKS Łódź
2214,Arka Gdynia
2219,Chrobry
2221,Cracovia
2228,Bełchatów
2229,Jastrzębie
2230,GKS Katowice
2234,Górnik Łęczna
2237,Górnik Zabrze
2239,Hutnik Kraków
2240,Jag. Białystok
2241,Bruk-Bet Termalica
2244,Puszcza N.
2250,Olimpia Grudziądz
2251,Korona Kielce
2256,Lech Poznań
2257,Lechia Gdańsk
2259,Legia Warszawa
2262,Miedź Legnica
2264,Motor Lublin
2269,Odra Opole
2276,Pelikan
2277,Piast Gliwice
2278,Podbeskidzie
2280,Pogoń Szczecin
2281,Polonia B.
2283,Polonia Warszawa
2285,Radomiak
2286,Raków Częstochowa
2288,Resovia
2291,Ruch Chorzów
2296,Stal Głowno
2298,Stal Rzeszów
2310,Warta Poznań
2311,Widzew
2316,Wisła Kraków
2317,Wisła Płock
2319,Pogoń Siedlce
2320,Zagłębie Lubin
2324,Znicz
2326,Arouca
2327,Loures
2328,Lourosa
2329,Académica
2330,Alverca
2331,Beira-Mar
2337,Chaves
2339,Estoril
2343,FC Porto
2344,Feirense
2345,Gil Vicente
2346,Gondomar
2347,Leixões
2348,Marítimo
2349,Moreirense
2350,Nacional
2355,Paços de Ferreira
2356,Penafiel
2357,Portimonense
2358,Rio Ave
2359,Covilhã
2362,Benfica
2363,Santa Clara
2364,Sporting
2365,Sporting Braga
2366,Trofense
2367,UD Oliveirense
2368,União de Leiria
2369,Varzim
2370,Guimarães
2371,Vitória de Setúbal
2372,Vizela
2382,Al-Ahli
2383,Al-Arabi
2384,Al-Gharafa
2385,Al-Kharitiyath
2386,Al-Khor
2387,Al-Markhiya
2389,Muaither SC
2390,Al-Rayyan
2391,Al-Sadd
2392,Al-Sailiya
2393,Al-Duhail
2394,Al-Shamal
2395,Al-Wakrah
2396,Qatar SC
2397,Umm-Salal
2398,Athlone
2400,Bohemians
2401,Bray Wanderers
2403,Cobh Ramblers
2404,Cork City
2405,Derry City
2406,Drogheda United
2407,Dundalk
2408,Finn Harps
2409,Galway United
2418,Shamrock Rovers
2419,Shelbourne
2420,Sligo Rovers
2423,St Patrick's
2426,UCD Dublin
2427,Waterford
2430,Olimpia Satu Mare
2431,UTA Arad
2436,CFR Cluj
2437,SS Poli Timişoara
2440,Concordia Chiajna
2443,Slobozia
2447,Focşani
2448,Astra
2449,Râmnicu Vâlcea
2450,Ceahlăul
2451,Suceava
2453,Mioveni
2455,Dinamo București
2460,Bihor
2461,Botoşani
2462,Braşov
2466,Farul Constanţa
2471,Târgovişte
2473,Bacău
2475,Târgu Mureş
2479,Gloria Bistriţa
2480,Buzău
2483,Petrolul
2484,Iasi
2485,Progresul Spartac
2486,Rapid București
2489,Steaua București
2492,U Cluj
2493,Univ. Craiova
2499,CSKA Moscow
2503,Dinamo Moscow
2507,Krasnodar
2514,Lokomotiv Moscow
2523,Rubin Kazan
2530,Spartak Moscow
2540,Zenit
2551,Juvenes
2552,Libertas
2553,Domagnano
2554,Fiorentino
2555,Faetano
2556,Cailungo
2557,La Fiorita
2558,Tre Fiori
2559,Tre Penne
2560,Cosmos
2561,Folgore-Falciano
2562,Murata
2563,Pennarossa
2564,San Giovanni
2565,Virtus
2566,Abha
2567,Al-Hazem
2568,Al-Ahli
2569,Al-Ettifaq
2570,Al-Hilal
2571,Al-Ittihad
2572,Al-Faisaly
2573,Al-Nassr
2574,Al-Qadsiah
2575,Al-Raed
2576,Al-Riyadh
2577,Al-Shabab
2578,Al-Taawoun
2579,Al-Wehda
2580,Al-Fateh
2582,Aberdeen
2583,Airdrieonians
2586,Annan
2587,Arbroath
2588,Ayr United
2594,Celtic
2595,Clyde
2596,Cove Rangers
2601,Dumbarton
2602,Dundee
2603,Dundee United
2604,Dunfermline
2608,Falkirk
2611,Greenock Morton
2613,Hamilton Academical
2614,Hearts
2616,Hibernian
2618,Inverness CT
2621,Kilmarnock
2622,Livingston
2625,Montrose
2626,Motherwell
2628,Partick Thistle
2632,Queen of the South
2633,Queen's Park
2634,Raith Rovers
2635,Rangers
2636,Ross County
2637,St. Johnstone
2638,St. Mirren
2639,Stenhousemuir
2640,Stirling Albion
2645,Železničar
2646,Čukarički
2651,Borac Čačak
2655,Crvena Zvezda
2658,BASK
2663,Dubočica
2664,Javor Ivanjica
2665,Inđija
2666,Jagodina
2667,Novi Pazar
2671,Rad
2672,Radnički Kragujevac
2673,Radnički Sombor
2675,Sloboda Užice
2677,Sloven Ruma
2678,Smederevo
2681,Teleoptik
2682,Voždovac
2683,Zemun
2688,Metalac
2691,Mladost Lučani
2692,Napredak
2696,Partizan
2698,Radnički Niš
2699,Radnički Obrenovac
2700,Radnički Pirot
2704,Spartak Subotica
2705,Vlasina
2706,Vojvodina
2708,Albirex Jurong
2709,Balestier
2710,Geylang
2718,Tampines
2723,Tatran Prešov
2727,Trenčín
2729,DAC 1904
2731,Dukla
2736,Matador Púchov
2741,MŠK Žilina
2744,Košice
2746,Ružomberok
2748,Zemplín
2751,Slovan Bratislava
2753,Spartak Trnava
2756,Aluminij
2758,Koper
2762,Celje
2765,Dravinja
2766,Gorica
2771,Domžale
2778,Maribor
2779,Mura
2781,Primorje
2782,Radomlje
2785,Nafta
2786,Olimpija
2789,African Warriors
2791,AmaZulu
2792,Polokwane
2794,Black Leopards
2803,Garankuwa Utd
2804,Golden Arrows
2805,Hanover Park
2807,Jomo Cosmos
2808,Kaizer Chiefs
2809,Mamelodi Sundowns
2810,Durban City
2815,Orlando Pirates
2819,Santos CT
2820,Siwelele
2822,Stellenbosch
2825,Witbank Spurs
2826,Alcorcón
2827,Ceuta
2828,Arandina
2829,Albacete
2830,Algeciras
2832,Andorra
2833,Cacereño
2834,Athletic Club
2835,Atlético Madrid
2836,Atlético Madrileño
2837,Som Maresme
2838,Barakaldo
2839,Barça Atlètic
2840,La Unión
2842,Burgos
2843,Badajoz
2844,Osasuna
2845,Osasuna Promesas
2847,Alcoyano
2849,Atlético Baleares
2850,Coruxo
2852,Guadalajara
2853,Guijuelo
2854,Leganés
2856,Lugo
2857,Numancia
2859,Mirandés
2862,Teruel
2863,Tenerife
2865,L'Hospitalet
2866,Sabadell
2867,Cartagena
2868,Castellón
2869,Celta de Vigo
2870,Celta Fortuna
2871,Marino de Luanco
2872,Toledo
2873,Cultural Leonesa
2874,Cádiz
2875,Córdoba
2876,Alavés
2877,RC Deportivo
2879,Elche
2880,Barcelona
2881,Fuenlabrada
2882,Getafe B
2883,Getafe
2884,Gimnàstic
2885,Girona
2887,Granada
2888,Hércules
2889,Levante
2892,UD Logroñés
2896,UD Melilla
2898,Málaga
2899,Mallorca B
2901,Orihuela
2902,Reus Reddis
2904,Peña Sport
2906,Ponferradina
2907,Pontevedra
2908,CS Puertollano
2909,Espanyol
2910,Espanyol B
2911,Mallorca
2913,Racing de Ferrol
2914,Racing Santander
2915,Rayo Cantabria
2916,Rayo Vallecano
2917,RB Linense
2918,Real Betis
2919,Betis Deportivo
2920,Real Jaén
2921,Real Madrid
2923,Real Murcia
2924,Murcia Imperial
2925,Real Oviedo
2926,Real Sociedad
2927,Real Sociedad B
2928,Sporting Gijón
2930,Real Unión
2931,Real Valladolid
2933,Real Zaragoza
2935,Amorebieta
2936,Eibar
2937,Huesca
2939,Ibiza
2942,Sevilla Atlético
2943,Sevilla
2944,Talavera
2945,Terrassa
2946,Conquense
2947,Almería
2951,Las Palmas
2952,Las Palmas Atl.
2953,Marbella
2955,Salamanca
2959,Lleida CF
2960,Sant Andreu
2962,Valencia
2965,Villanovense
2966,Villarreal B
2967,Villarreal
2968,Xerez CD
2969,Zamora
2972,AIK
2976,Häcken
2977,Boden
2979,Sollentuna
2980,Degerfors
2981,Djurgården
2985,Trollhättan
2987,Falkenberg
2989,Dalkurd
2992,GAIS
2994,Sundsvall
2995,Gefle
2998,Halmstad
2999,Hammarby
3001,Helsingborg
3005,Brommapojkarna
3006,Elfsborg
3010,Göteborg
3014,Norrköping
3017,Värnamo
3018,Brage
3019,Oddevold
3020,Sirius
3024,Jönköping
3025,Kalmar
3029,Landskrona
3033,Ljungskile
3034,Lunds BK
3036,Malmö
3037,Mjällby
3038,Motala
3040,Norrby
3043,Piteå
3047,Sandvikens IF
3050,Skövde
3054,Trelleborg
3055,Umeå
3057,Vasalund
3059,Västerås SK
3062,Örebro
3063,Varbergs
3064,Örgryte
3065,Öster
3066,Östersund
3067,Åtvidaberg
3068,Bellinzona
3069,Lugano
3070,Young Boys
3072,Aarau
3073,Basel
3075,Biel-Bienne
3078,Lausanne
3080,Luzern
3081,Schaffhausen
3082,Sion
3083,Stade Nyonnais
3084,Thun
3085,Vaduz
3086,Wil
3087,Winterthur
3089,Zürich
3090,Grasshopper
3092,NE Xamax
3093,Cham
3094,Kriens
3095,Delémont
3096,Servette
3097,St. Gallen
3099,Yverdon
3110,AS Marsa
3111,Hammam-Lif
3112,Sfaxien
3113,Club Africain
3114,CA Bizertin
3115,Hammam-Sousse
3116,EGS Gafsa
3120,JS Kairouan
3121,Olympique Béja
3122,AS Gabes
3123,Stade Tunisien
3124,US Monastir
3125,Étoile Sahel
3127,Gümüşhanespor
3129,Adana Demirspor
3130,Adanaspor
3132,Alanyaspor
3134,Altınordu
3135,Goztepe
3136,Ankaragücü
3138,Antalyaspor
3141,Beşiktaş
3145,Boluspor
3147,Bursaspor
3150,Denizlispor
3153,Elazığspor
3154,24 Erzincanspor
3155,Erzurumspor
3156,Eskişehirspor
3158,Eyüpspor
3159,Karagümrük
3160,Fenerbahçe
3161,Fethiyespor
3163,Galatasaray
3165,Gaziantep
3168,Gençlerbirliği
3169,Giresunspor
3172,Hatayspor
3173,Inegölspor
3176,Istanbulspor
3183,Kasımpaşa
3185,Kayserispor
3186,Kocaelispor
3187,Konyaspor
3192,Yeni Malatyaspor
3200,Pendikspor
3201,Sakaryaspor
3202,Samsunspor
3204,Sivasspor
3207,Trabzonspor
3210,Uşakspor
3212,Kırşehir Belediye
3216,Rizespor
3217,Çorumspor
3222,Bukovyna
3224,Chornomorets
3225,Desna
3230,Dynamo Kyiv
3237,Poltava
3238,Prykarpattya
3242,Hirnyk-Sport
3243,Mariupol
3245,Karpaty Lviv
3249,Kremin
3251,Kryvbas
3253,Kharkiv
3255,Metalurh Z.
3258,Nyva Ternopil
3259,Nyva Vinnytsia
3260,Obolon Kyiv
3262,Olimpik Donetsk
3264,Oleksandriya
3266,Podillya-Khmelnytskyi
3268,Shakhtar Donetsk
3273,Tavriya
3275,Veres Rivne
3277,Vorskla
3281,Zorya
3282,Ajman
3283,Shabab Al-Ahli
3284,Al-Ain
3285,Al-Jazira
3286,Al-Nasr
3289,Al-Wahda
3290,Al-Wasl
3291,Al-Dhafra
3294,Baniyas
3297,Sharjah
3298,Orlando City
3299,San Antonio
3300,New York City
3302,Charleston Battery
3303,Charlotte
3304,Chicago Fire
3305,Orange County
3306,Colorado Rapids
3307,Columbus Crew
3309,D.C. United
3310,Dallas
3312,Houston Dynamo
3313,Kansas City
3314,LA Galaxy
3315,Inter Miami II
3316,Minnesota United
3317,NE Revolution
3318,New York RB
3319,Pittsburgh River
3320,Portland Timbers
3321,Atlanta United
3322,Real Salt Lake
3323,Richmond Kickers
3325,SJ Earthquakes
3326,Seattle Sounders
3327,Toronto FC
3328,Tampa Bay Rowdies
3331,CA Cerro
3332,Peñarol
3333,Atl. River Plate
3334,Cerrito
3335,Cerro Largo
3336,Nacional
3337,Danubio
3338,Defensor Sporting
3340,Liverpool
3341,Montevideo Wanderers
3342,Racing Montevideo
3343,Rampla Jnrs
3344,Rentistas
3345,Fénix
3346,Bunyodkor
3347,Pakhtakor Tashkent
3349,Buxoro
3350,Andijan
3351,Neftchi Farg'ona
3352,Samarqand-Dinamo
3354,Lokomotiv Tashkent
3355,Mash'al Mubarek
3357,Nasaf
3358,Navbahor
3360,Qizilqum Zarafshon
3361,Xorazm
3362,Aragua
3363,Atlético El Vigía
3364,Carabobo
3365,Caracas
3367,Dep. Miranda
3368,Deportivo Táchira
3369,Dep. La Guaira
3370,Estudiantes Mérida
3371,Deportivo Lara
3372,Upata FC
3373,Mineros de Guayana
3374,Trujillanos
3375,Monagas
3377,Yaracuyanos
3378,Zamora
3379,Zulia
3383,Airbus UK
3384,Ammanford
3385,Bala
3387,Barry Town
3392,Pen-y-Bont
3393,Buckley
3395,Caernarfon
3402,Connah's Quay
3408,Flint Town Utd
3415,Haverfordwest
3418,Llandudno
3420,Llanelli
3429,Newtown
3436,Prestatyn
3444,Boreham Wood
3445,Dartford
3446,Philadelphia Union
3447,Dessel
3466,Tijuana
3469,Esteghlal
3470,Fajr Sepasi
3471,Foolad
3472,Malavan
3473,Mes Kerman
3474,Shahr Khodro
3476,Persepolis
3479,Saipa
3480,Sanat Naft
3481,Sepahan
3484,Tractor
3485,Zob Ahan
3486,Arema
3487,Deltras
3489,Madura United
3491,Persib Bandung
3495,Persija Jakarta
3497,Persipura Jayapura
3499,Borneo
3502,Semen Padang
3503,Sriwijaya
3504,Aduana
3505,Asante Kotoko
3506,Ashanti Gold
3507,B. Chelsea
3511,Heart of Lions
3512,Hearts of Oak
3513,King Faisal
3515,Medeama
3518,Tamale
3522,Bechem
3523,Libolo
3524,Kabuscorp
3525,Petro de Luanda
3526,Interclube
3527,1º de Agosto
3528,Caála
3530,Sagrada
3532,Progresso
3533,Bravos
3535,Primeiro de Maio
3538,Lobito
3540,Brühl
3542,Botev Plovdiv
3547,Fremad Amager
3556,Makedonija
3572,Berkane
3573,Raja Beni
3574,Stade Marocain
3575,Union Aït
3577,Chippa United
3585,Azam
3598,Sunshine Stars
3599,Rivers United
3600,Warri Wolves
3601,Kano Pillars
3602,Enugu
3605,Lobi Stars
3606,Enyimba
3607,Kwara
3608,Heartland
3609,Niger Tornadoes
3612,Shooting Stars
3614,Zamfara
3615,Plateau United
3618,Al-Ahli
3643,Virtus Entella
3645,Lecco
3648,Pro Patria
3649,Renate
3654,Treviso
3660,Catanzaro
3679,Austin
3685,Lida
3691,Zakakiou
3694,Billericay
3702,Tondela
3704,Utsikten
3712,Horn
3715,Red Star
3716,Épinal
3719,Carquefou
3720,Uzès
3723,Ourense CF
3729,SD Logroñés
3730,Caudal Deportivo
3732,Yeclano Deportivo
3734,At. Sanluqueño
3735,Tudelano
3739,Izarra
3741,Ullensaker-Kisa
3742,Tromsdalen
3743,Bærum
3748,BFC Daugavpils
3752,Mladost Ždralovi
3754,Pro Vercelli
3755,León
3756,Celaya
3757,Cruz Azul Hidalgo
3758,Dorados
3760,Irapuato
3761,La Piedad
3766,Correcaminos
3768,Piratas
3769,Viktoria Sumy
3770,Apollon Smyrni
3779,Südtirol
3781,Avellino
3782,Forlì
3783,Venezia
3787,Pontedera
3789,Monza
3818,Csákvári
3834,Buriram
3835,Chonburi
3841,Chiangrai United
3842,Sisaket
3843,Muangthong
3848,Thai Port
3851,Songkhla
3852,Namibe
3853,Sporting Cabinda
3856,Saoura
3857,Matsumoto
3858,Machida Zelvia
3861,Changwon
3862,Cheonan City
3866,Gimhae
3868,Daejeon Korail
3870,Suwon
3872,Yongin
3874,Ansan Greeners
3875,C. Tonglianglong
3878,Persebaya Surabaya
3882,Gresik
3883,PSMS Medan
3889,Hajer
3891,Ittihad Kalba
3895,Akwa United
3898,Wikki Tourists
3899,El Dakhleya
3901,Ghazl El Mehalla
3902,Nueva Chicago
3903,Crucero del Norte
3904,Sarmiento (J)
3905,Douglas Haig
3906,Jorge Wilstermann
3908,Joinville
3909,CRB
3911,América-RJ
3912,Barnechea
3913,Patriotas
3914,Deportivo Pasto
3915,Técnico Univ.
3916,Macará
3918,Los Caimanes
3919,Pacífico
3922,Central Español
3923,Juventud
3924,Huracán
3926,Portuguesa
3930,Carmelita
3934,Real Sociedad
3954,Gaborone
3957,Mochudi Centre
3962,TAFIC
3963,Township Rollers
3968,AFC Leopards
3970,Gor Mahia
3972,KCB SC
3984,Bandari
4000,Coastal Union
4005,Mtibwa Sugar
4008,Simba SC
4010,Stand United
4011,Young Africans
4012,Fountain Gate
4014,Atenas
4015,Boston River
4016,Dep. Maldonado
4018,Miramar Misiones
4019,Plaza Colonia
4021,Sud América
4022,Tacuarembó
4023,Progreso
4026,Machine Sazi
4027,PAS Hamedan
4028,Nassaji
4029,Est. Khuzestan
4033,Naft M. Soleyman
4038,Slonim
4040,Isloch
4041,Vaprus
4043,Vard
4045,Kristiansund
4047,Ordino
4049,Phoenix Rising
4052,AS Bamako
4060,Djoliba
4064,Onze Créaturs
4065,Stade Malien
4066,USFAS Bamako
4069,Kabwe Warriors
4076,Nkana
4078,Power Dynamos
4079,Red Arrows
4082,ZESCO United
4088,Alashkert
4091,Leamington
4096,Farense
4097,Académico Viseu
4098,Benfica B
4099,Amora
4100,FC Porto B
4103,Excelsior Virton
4104,Balikesirspor
4106,RB Leipzig
4108,Dinamo-Auto
4111,Dunkerque
4115,H. Afula
4116,V-Varen Nagasaki
4117,Jong Ajax
4121,Hoogstraten
4122,Villa San Carlos
4123,Brown (A)
4126,Bucheon
4127,Anyang
4128,Huila
4129,Porcelana
4131,Frýdek-Místek
4142,Torres
4148,Digenis Oroklinis
4149,Karmiotissa
4156,Chania
4166,Radnik Surdulica
4167,Kolubara
4173,Oaxaca
4174,Olot
4180,Paysandu
4182,Chapecoense
4184,Guadalupe
4189,Arbaa
4190,Chaouia
4192,Alianza Valledupar
4196,Jong PSV
4198,Deportivo Capiatá
4199,Univ. Católica
4204,CA Independiente
4213,Breitenrain
4220,Al-Hilal Omdurman
4229,Sacramento Rep
4231,Indy Eleven
4233,NY Cosmos
4234,Ilves
4240,Europa FC
4241,Lions Gibraltar
4243,Manchester 62
4244,Lincoln Red Imps
4245,St. Joseph's
4253,Benfica Lubango
4255,Loko Gomel
4257,Altay Oskemen
4268,Air Force
4271,Nakhon Ratchasima
4272,Al-Shahaniya
4284,Abia Warriors
4287,El-Kanemi Warriors
4289,Bayelsa United
4290,Nasarawa United
4291,Araz PFK
4292,Inter FA
4293,Luverdense
4294,Sampaio Corrêa
4300,Comerciantes Unidos
4301,12 de Octubre
4302,Mushuc Runa
4304,Fortaleza
4308,Metropolitanos
4309,AS Djerba
4310,ES Metlaoui
4311,Stade Gabesien
4317,UiTM FC
4320,Chambly
4322,Avranches
4324,Al-Khaleej
4330,Southern District
4331,Paykan FC
4333,Wealdstone
4335,AFC Fylde
4336,Chorley
4341,Iberia
4342,Mondorf-les-Bains
4345,Honduras Progreso
4346,Bul
4357,URA
4359,Villa
4361,Vipers
4370,Sozopol
4371,Lokomotiv Mezdra
4372,Fortuna Köln
4375,LASK
4377,Guastatoya
4378,Ironi Tiberias
4379,M. Kiryat Gat
4380,Shukura
4384,Voluntari
4396,Indep. Petrolero
4398,Bengaluru
4400,Shillong Lajong
4401,Sporting Goa
4402,Rapperswil-Jona
4406,Soroksár
4413,Santamarina
4415,Temperley
4416,Sportivo Belgrano
4419,Cardiff Met. Univ.
4420,Briton Ferry
4425,Mačva Šabac
4429,Persik Kediri
4431,PSM Makassar
4436,Lealtad
4437,Valladolid B
4456,Giana Erminio
4463,Casertana
4464,Cosenza
4467,Savoia
4468,Kolín
4469,Pardubice
4470,Táborsko
4477,L'Olympique Dchira
4479,Khénifra
4481,Cornellà
4482,UCAM Murcia
4483,Eldense
4484,Atlético Astorga
4486,Langreo
4487,Yugo Socuéllamos
4490,Compostela
4494,Mold Alexandra
4951,Ilicitano
4954,Stal Mielec
4958,Chennaiyin
4959,Delhi
4960,Goa
4961,Kerala United
4962,Mumbai City
4963,NorthEast United
4969,Jacksonville
4970,Tulsa
4971,Switchbacks
4972,Louisville City
4982,Becamex
4985,Dong Thap
4986,Hanoi FC
4987,Hai Phong
4988,Hoang Anh Gia Lai
4990,Khatoco Khanh Hoa
4991,SHB Da Nang
4992,Song Lam Nghe An
4994,Thanh Hoa
4997,Jerv
4999,Åsane
5000,Eskilsminne
5006,Krumkachy
5007,FC Orsha
5010,Riga FC
5012,JDFS Alberts
5017,Bangkok United
5018,Suphanburi
5019,Ratchaburi
5022,Maidstone United
5023,Strassen
5026,Austria Salzburg
5027,H. Jerusalem
5031,Jwaneng Galaxy
5033,Mafra
5034,Famalicão
5035,Petrocub
5036,Cimarrones Sonora
5045,Jaguares Córdoba
5046,Inter Palmira
5047,Aucas
5049,Deportivo Santaní
5050,Sport. San Lorenzo
5051,Villa Española
5052,Oriental
5053,Mont. City Torque
5054,Ureña
5056,Cobán Imperial
5062,Juticalpa
5067,Seoul E-Land
5069,Jiangxi Lushan
5073,Belfort
5075,Les Herbiers
5078,Würzburger Kickers
5084,Skalica
5085,Okzhetpes
5086,Kokand-1912
5088,Loznica
5096,US Ben Guerdane
5102,Hasselt
5106,Dibba SCC
5107,Baroka
5110,Highlands Park
5112,Villa Dálmine
5114,Los Andes
5115,Gimnasia (M)
5116,Olympique Marrakesh
5118,Iberia 1999
5121,Arezzo
5125,Fidelis Andria
5126,Hilal Al-Sahil
5131,Lokomotiv GO
5133,Ludogorets II
5134,Juventud Unida
5135,C. Córdoba SdE
5137,Estudiantes (SL)
5140,Zawisza Bydgoszcz
5145,Pafos
5150,Aizawl
5153,Aswan
5164,Rayo Majadahonda
5165,Portugalete
5167,Arenas Getxo
5168,Ebro
5169,Gernika
5170,Linares Deportivo
5173,Mérida AD
5176,Holywell Town
5178,Bali United
5184,KFUM Oslo
5185,Raufoss
5188,Miami
5192,Cincinnati
5197,Salford City
5202,4 de Abril
5204,Edinburgh City
5205,Renofa Yamaguchi
5208,Sukhothai
5211,Delfín
5213,Atl. Bucaramanga
5214,Dep. Valdivia
5215,Londrina
5220,Cantolao
5223,Los Chankas
5227,Ironi Nesher
5232,River Plate Asunción
5234,Fafe
5235,Zira
5239,Dreams
5242,Monopoli
5244,AP Brera Strumica
5247,Ikorodu United
5251,Jaiba Brava
5254,GC Mascara
5260,Meizhou Hakka
5264,Antigua
5268,Ungheni
5269,Magesi
5271,Hatta
5272,Ümraniyespor
5274,Bavois
5276,Pau
5277,Lyon-Duchère
5278,Concarneau
5282,Tataouine
5285,CD Extremadura
5287,Mutilvera
5288,Navalcarnero
5291,Sepsi OSK
5293,Afumati
5298,Magpies
5307,Flandria
5308,Prostejov
5316,Tanta
5317,Municipal Limeño
5328,Sidi Kacem
5329,Rapide Oued Zem
5333,CSKA II
5335,Etar
5337,Kramatorsk
5338,Kolos Kovalivka
5339,Inhulets Petrove
5345,Cibao FC
5346,Pantoja
5348,Delfines del Este
5349,Moca
5350,Universidad O&M
5353,Kafr Al-Sheikh
5355,El Minya
5366,Arendal
5369,Osipovichi
5371,Katsina United
5372,Remo Stars
5378,Juventude
5379,Botafogo-PB
5380,Confiança
5381,CSA
5382,Cuiabá
5383,Fortaleza
5384,Moto Club
5385,Botafogo-SP
5387,Tombense
5388,Volta Redonda
5389,Ypiranga
5390,Cong An Ho Chi Minh
5391,Tigres
5401,Santa Rita
5416,Hay Al-Wady
5422,Kaya
5423,Loyola
5424,Stallion Laguna
5425,Nordic United
5431,Strumska Slava
5434,Grecia
5443,Struga
5446,SO Cholet
5447,Meppen
5452,Lobos UPNFM
5453,Lee Man
5456,Pars Jonoubi
5471,Jong AZ
5472,Eastern Suburbs
5476,Aguilas-UMak
5478,Hermannstadt
5480,Metaloglobus
5483,Al-Fayha
5484,Ohod Club
5485,Sinđelić Beograd
5487,Bačka Topola
5492,Komárno
5493,Bravo
5496,Rogaška
5497,Super Eagles
5502,Lausanne-Ouchy
5503,CO Médenine
5507,Rukh Lviv
5508,Balkany Zorya
5513,Drita
5516,Gjilani
5518,Llapi
5519,Prishtina
5523,Ferizaj
5527,Aïn M'lila
5528,Agropecuario
5529,Deportivo Morón
5531,Kustošija
5533,Ben Guerir
5534,Deportivo Riestra
5535,Unión Adarve
5536,Formentera
5538,Lorca Deportiva
5539,Eibar B
5541,Deportivo Fabril
5548,Juazeirense
5549,Operário-PR
5550,Melipilla
5551,Cuando Cubango
5552,Royal Pari
5553,Zhitkovichi
5555,Leones
5556,Dingnan United
5560,KTP Kotka
5561,Karela
5562,Eleven Wonders
5570,Tvååkers
5571,Torns IF
5574,Dep. Binacional
5575,Albion
5576,Academia PC
5578,PSIS Semarang
5579,Blaublitz Akita
5582,Prachuap
5583,Los Angeles FC
5584,Nashville
5585,Las Vegas Lights
5594,Mbeya City
5599,Altay
5601,Bandırmaspor
5603,Kırklarelispor
5606,Menemen Spor
5608,Keçiörengücü
5609,Sivas Belediyespor
5610,Amed
5611,Kastamonuspor
5613,Bodrumspor
5614,Beykoz AŞ
5617,Defensores Belgrano
6001,Casa Pia
6002,WSG Tirol
6005,Viktoria Köln
6006,Juárez
6007,Unión Magdalena
6010,Damac
6013,Felgueiras
6016,Türkgücü München
6019,RWDM
6020,Thes Sport
6021,RFC Seraing
6023,Patro Eisden
6024,RAAL La Louvière
6049,Jong Utrecht
6052,AFC Amsterdam
6053,Excelsior Maassluis
6054,Koninklijke HFC
6055,VV Katwijk
6056,Kozakken Boys
6057,GVVV
6058,De Treffers
6059,Rijnsburgse Boys
6060,Scheveningen
6061,Noordwijk
6062,SV TEC
6064,Minai
6065,Ahrobiznes Volochysk
6068,Dinaz Vyshhorod
6070,Polissya Zhytomyr
6078,1461 Trabzon
6079,Ankara Demirspor
6080,Vanspor
6087,Serik Belediyespor
6089,Ballkani
6094,The New Saints
6095,Kaspiy Aktau
6096,Rukh Brest
6097,Sabah
6099,Sabail
6100,Arda Kardzhali
6101,FCSB
6102,Kisvárda
6103,ZTE
6105,Panevezys
6106,Riteriai
6107,Dziugas
6108,Kauno Žalgiris
6110,Noah
6111,Urartu
6114,Liepaja
6115,Tuzla City
6117,Volos
6120,Stjørdals-Blink
6121,Grorud
6123,Barracas Central
6124,Mitre
6125,Alvarado
6126,Almagro
6128,Estudiantes (RC)
6129,Orense
6130,Guayaquil City
6131,Zlaté Moravce
6132,Telavi
6133,LDU Portoviejo
6134,Guaireña
6135,Ayacucho
6136,Carlos Stein
6137,Cusco
6138,Llacuabamba
6139,Alianza Universidad
6142,Always Ready
6144,Real Santa Cruz
6145,Al-Adalah
6146,Inter Miami
6147,Vendsyssel
6148,Dnepr Mogilev
6149,Podbrezová
6152,Pirata
6153,Al-Batin
6154,Cienciano
6155,Santos
6158,Leones Negros
6163,Shaanxi Union
6165,Nantong Zhiyun
6166,Shenzhen Peng City
6167,Birmingham Legion
6168,Hartford Athletic
6169,Loudoun United
6170,Memphis 901
6177,NC Magra
6191,Cavalry
6192,Forge
6193,Pacific
6196,HFX Wanderers
6197,Jicaral
6198,Pyramids
6202,Iztapa
6203,Santa Lucía
6204,Mixco
6214,Odisha
6215,Jamshedpur
6216,SC Delhi
6221,Kakamega Homeboyz
6226,Ren. Zemamra
6228,Costa del Este
6229,Universitario
6247,TS Galaxy
6254,Trat
6255,BG Pathum Utd
6256,Police Tero
6259,ES Tunis
6261,Chebba
6262,Khorfakkan
6263,Sogdiana
6265,OKMK
6266,Gol Gohar
6268,Legon Cities
6269,Wiliete
6271,ASA
6273,Bhayangkara
6274,PSS Sleman
6275,Persela Lamongan
6276,Barito Putera
6284,Al-Merreikh
6294,KCCA
6302,TP Mazembe
6304,Groupe Bazano
6305,Motema Pembe
6306,Vita Club
6308,Racing d'Abidjan
6310,ASEC Mimosas
6311,SOA Fútbol
6314,Niort
6317,Gwangju
6319,Jeonnam Dragons
6320,Chungnam Asan
6322,Al-Ain
6323,Al-Bukiryah
6324,Al-Nahdha
6326,Al-Jabalain
6327,Jeddah
6328,Imperatriz
6329,Ferroviário
6330,Treze
6331,Riadi Salmi
6333,Kolding IF
6334,Grafičar
6335,Kabel
6336,Orijent 1919
6338,São Raimundo-RR
6344,Merelinense
6345,Leça
6346,Sanjoanense
6348,Maria da Fonte
6350,Chaco For Ever
6351,Güemes
6352,Sarmiento (R)
6353,Sportivo Las Parejas
6354,Deportivo Maipú
6355,Huracán Las Heras
6356,Deportivo Madryn
6358,Villa Mitre
6359,F. Carril Oeste LP
6381,Villefranche
6382,Bourg-Pérronas
6383,Bastia-Borgo
6384,Le Puy Foot
6385,Annecy
6391,Gurten
6395,Lafnitz
6397,Dornbirn
6398,Amstetten
6399,Grazer AK
6400,Austria Wien II
6401,Floridsdorfer
6407,Hillerød
6408,Artis Brno
6409,Chrudim
6410,Achyronas
6420,Nestos Chrysoupoli
6424,Trajal Krusevac
6425,Opatija
6429,Asteras Tripolis
6430,Dubrava Zagreb
6431,Bijelo Brdo
6438,Bulle
6439,Echallens
6440,Baden
6446,Örebro Syrianska
6447,Hapoel Nof HaGalil
6449,Makhtaaral
6450,Croatia Zmijavci
6451,Kairat
6452,Dep. Santa Cruz
6453,Atlético de Cali
6454,Barranquilla
6455,Boca Juniors Cali
6456,Bogotá
6457,Llaneros
6458,Orsomarso
6459,Indep. Juniors
6461,Gualaceo
6463,Atl. Rojiblanco
6464,Chacaritas
6468,Santo Domingo
6472,Resistencia
6473,F. de la Mora
6475,Zamora B
6476,Angostura
6477,Real Frontera
6478,Universidad Central
6479,Atlético Barinas
6480,AIFI de Guayana
6483,Vaca Díez
6484,Real Tomayapo
6489,Tlaxcala
6491,Mineros Zacatecas
6492,UA Zacatecas
6494,Hwaseong
6496,Fujieda MYFC
6497,Fukushima United
6499,Imabari
6500,Kagoshima United
6504,Maniema Union
6505,Sanga Balende
6506,Saint Eloi Lupopo
6507,Dauphins Noirs
6509,Al-Bidda
6510,San-Pédro
6513,Belišće
6517,FC Khujand
6518,Al-Shorta
6519,Al-Quwa Al-Jawiya
6520,Al Wihdat
6521,Al-Jazeera
6522,Al-Faisaly
6523,Al-Ramtha
6524,Shabab Al Ordon
6526,Al-Qadsia
6528,Al-Zawra'a
6529,Al-Naft
6530,Shan United
6532,Al-Tai
6533,Al-Kawkab
6534,Al Jeel
6535,Hetten
6536,El Paso Locomotive
6537,New Mexico United
6539,San Diego
6542,Forward Madison
6543,Greenville Triumph
6544,North Texas
6545,Tormenta
6547,Union Omaha
6550,Naft Maysan
6551,Al-Salmiyah
6552,Yangon United
6553,Ruggell
6554,Argeș
6555,Viitorul P. Târgu Jiu
6556,Csikszereda
6557,CSM Reşiţa
6560,Slatina
6565,Tunari
6566,U Craiova 1948
6579,GKS Tychy
6580,SKRA Częstochowa
6587,Schweinfurt
6596,Grobničan Čavle
6599,Louletano
6604,Viterbese 1908
6605,Virtus Verona
6606,Blois
6607,Moulins Yzeure Foot
6608,FC93
6609,Stade Briochin
6610,Grasse
6611,Blansko
6613,Sokol Zápy
6619,Marko
6623,IMT Novi Beograd
6624,OFK Beograd
6627,Paradiso
6634,Brattvåg
6635,Eidsvold
6637,Hapoel Kfar Shalem
6645,Gimpo
6648,Al-Taqdom
6652,Real Cundinamarca
6653,Brasiliense
6654,Novorizontino
6655,Brusque
6656,Cianorte
6657,Avenida
6658,Manaus
6659,Colchagua
6660,Central Norte
6666,Dynamo Puerto
6681,Grótta
6682,Thór
6689,Ovetense
6692,Allerheiligen
6695,Schwarz-Weiß Bregenz
6696,Hertha Wels
6699,Deportes Recoleta
6700,General Velásquez
6703,Jacuipense
6704,Ituano
6705,Altos
6707,CEOV Operário
6708,Atlético Alagoinhas
6709,Bangu
6713,América-RN
6714,Venados
6715,Wiener SC
6716,Havelse
6724,Chattanooga RW
6727,PG Mazowiecki
6733,HNK Gorica
6734,Jarun
6738,Jadran LP
6742,Francs Borains
6746,Vitória de Sernache
6747,Torreense
6748,Estrela
6751,Sertanense
6763,Imolese
6765,Paris 13 Atletico
6766,Granville
6767,Trélissac
6768,Châteaubriant
6769,GOAL FC
6770,Romorantin
6771,Sainte Geneviève
6772,Lusitanos Saint-Maur
6773,Rapid Wien II
6781,Jiskra Domažlice
6782,FK Chlumec
6783,Vyškov
6791,Kifisia
6804,Rad Mitrovica
6805,Chênois
6810,IF Karlstad
6815,Skeid
6828,Calahorra
6830,Metalist Kharkiv
6831,Epitsentr K-P
6834,Ankaraspor
6835,Karacabey B.
6838,Atlético Morelia
6839,Tepatitlán
6840,Cancún FC
6842,Tapatío
6844,Durango
6845,Chungbuk Cheongju
6851,Lusail City
6852,Al-Diriyah
6854,Arar
6855,Al-Okhdood
6858,Águilas Doradas
6859,Goianésia
6860,Galvez
6861,Floresta
6862,Lautaro de Buin
6863,Defensores Belgrano VR
6864,Indep. del Valle
6865,9 de Octubre
6871,JS Soualem
6875,Regar-TadAZ
6876,Naft Al-Wasat
6877,Al-Najaf
6883,Colima
6885,Pioneros de Cancún
6886,Mineros de Fresnillo
6889,Inter Playa
6890,Gavilanes
6893,Mes Rafsanjan
6894,Aluminium Arak
6895,K. Talaee Saveh
6899,N. Bank of Egypt
6900,Ceramica Cleopatra
6902,Pharco
6903,Dikernis
6905,Detroit City
6907,Oakland Roots
6908,Juventus Next Gen
6909,Vis Pesaro
6910,Pro Sesto
6911,Cavese
6914,Omonia 29is Maiou
6919,Turan Túrkistan
6920,Akademiya Ontustik
6922,Sputnik
6923,Arsenal
6924,Molodechno
6928,Kapaz
6930,CSKA 1948 Sofia
6932,Hebar
6933,Lovech
6934,Septemvri Sofia
6936,Yantra
6937,Sevlievo
6938,Belasitsa
6939,Vihar Slavyanovo
6940,Septemvri Tervel
6941,Gigant Saedinenie
6943,Levski Karlovo
6944,Kyustendil
6945,Atletik Kuklen
6946,Partizan
6948,Ustrem Donchevo
6949,Pavlikeni
6952,Yantra Polski Trambesh
6953,Rozova Dolina
6956,Szentlőrinc SE
6957,Tiszakécske
6965,Real Noroeste
6969,Aparecidense
6971,Ferroviária
6972,São Luiz
6974,Itabaiana
6975,União Rondonópolis
6976,Mirassol
6983,Sekhukhune United
6984,Richards Bay
6986,TS Sporting
6987,Leicesterford City
6988,Pretoria Callies
6989,University of Pretoria
6990,Samgurali
6993,CSKA Dushanbe
6994,Lion City Sailors
6996,Shanghai Port
6998,Shandong Taishan
7000,Tianjin Jinmen
7001,Henan Longmen
7004,Qingdao Red Lions
7005,Zhejiang Pro
7007,Viettel
7012,Inter de Limeira
7013,Boavista-RJ
7014,Madureira
7016,São José-RS
7020,Cascavel
7021,Atlético-CE
7028,Egnatia
7030,Macarthur
7032,Sergipe
7034,Camacha
7037,Salgueiros
7040,Gimcheon Sangmu
7046,BIT
7047,Don Bosco
7054,Leobendorf
7055,Austria Lustenau
7056,Búhos ULVR
7058,Başakşehir
7062,Estudiantes (BA)
7063,Ararat Yerevan
7064,Shamakhi FK
7065,Club Brugge II
7066,Caxias do Sul
7067,Central SC
7068,Dalian Yingbo
7071,Śląsk Wrocław
7072,Cape Town City
7073,Manisa FK
7078,Ivanovo
7080,Real Santander
7083,České Budějovice
7098,Nanjing City
7100,Monagas B
7101,Bolívar
7104,Bouaké
7105,Vakhsh Bokhtar
7106,Ravshan
7107,Namungo
7108,Chayka
7109,Chernihiv
7112,Rubikon
7113,Yarud Mariupol
7116,Unión Huaral
7118,Zaqatala
7120,Avia Świdnik
7124,ZED
7125,Tersana
7126,Brasil de Pelotas
7132,Deportivo Kivón
7563,Dakar Sacré-Coeur
7566,Gorée
7567,Génération Foot
7568,Jaraaf
7574,Céleste FC
7575,Deportivo Garcilaso
7576,Vinotinto
7577,Dunedin City Royals
7583,CRAC
7586,Iguatu
7587,Maranhão
7588,Nacional-AM
7590,Parnahyba
7591,São Joseense
7592,Vitória-ES
7593,XV de Piracicaba
7606,Germinal
7607,El Linqueño
7608,Sol de América (F)
7609,Atenas (RC)
7610,San Martín (M)
7611,9 de Julio (R)
7612,RSCA Futures
7613,Jong Genk
7614,Atlético CP
7616,SV Stripfing
7617,Sturm Graz II
7618,Tekstilac Odzaci
7619,CSM Alexandria
7620,Corvinul Hunedoara
7621,Nyva Buzova
7624,68 Aksaray Belediy.
7625,Igdir
7626,G. Gebzespor
7627,Y. M. Idmanyurdu
7628,Karaman
7629,Beyoğlu Yeni Çarşı
7631,Mes Sungun
7632,Shahre Raz Shiraz
7633,Chadormalu SC
7634,M. Naftkhiz Jonoub
7635,Amanat Baghdad
7636,Duhok
7638,Comerciantes
7640,Encarnación
7641,Atlético Tembetary
7642,San Antonio BB
7643,ADA Jaén
7644,San Marcos
7645,Juan Pablo II
7646,CD Moquegua
7647,Leones del Norte
7648,San Antonio
7649,Rhode Island
7650,Spokane Velocity
7651,TransINVEST
7652,Zhenis
7653,Yelimay
7654,East Cost Bays
7655,Tauranga City
7656,Island Bay United
7657,Univ Canterbury
7658,Estudiantil CNI
7660,Mashujaa
7661,Aigles du Congo
7662,Nations
7664,Sampaio Corrêa-RJ
7666,Capital
7668,Manauara
7669,Maracanã-CE
7670,Mixto
7673,Santa Cruz Natal
7676,TRA United
7677,Itabirito
7679,Andraus
7681,Galo Maringá
7685,Ario Eslamshahr
7686,Deportivo Rincón
7688,Sarmiento (LB)
7689,Kimberley
7690,Voitsberg
7692,UCSA Tarasivka
7693,PFC Zviahel
7694,Metalul Buzău
7695,Câmpulung Muscel
7696,Unirea Ungheni
7698,Fratria
7699,CSKA Sofia II
7701,Kepezspor
7703,Adana 01 FK
7704,SC Lusitânia
7705,Auckland FC
7706,Java United
7708,Neom
7709,Al-Jubail
7710,Olympique Akbou
7711,Holy Stars
7712,Young Apostles
7714,AS Malole
7715,Tanganyika
7716,Anges Verts
7717,New Jak FC
7719,Team Altamura
7720,Al-Karma
7721,Kengold
7722,Atlético Chalaco
7723,Sportivo Huracán
7724,Atalanta U23
7726,Inter Kashi
7727,Namdhari
7728,Sporting Bengaluru
7729,Diamond Harbour
7730,Abbas Union
7731,Wuxi Wugo
7732,Guangxi Hengchen
7733,Guangdong GZ
7734,Barquisimeto SC
7735,Marítimo La Guaira
7736,San Marino U22
7737,Punaruu
7738,AS Mira
7739,Taiarapu
7740,Tailevu
7741,Nasinu
7742,Tavua
7743,Rakiraki
7744,Bua
7745,Seaqaqa
7746,Savusavu
7747,Taveuni
7748,Yacoub El Mansour
7749,Niva Dolbizno
7750,Maxline Vitebsk
7751,Rumilly-Vallières
7752,Genêts Anglet
7753,Saint-Pryvé
7754,St. Colomban
7755,Saumur
7756,Dinan Léhon
7757,Poitiers
7758,Poiré-sur-Vie
7759,La Roche
7760,FC Balagne
7761,Chantilly
7762,Feignies Aulnoye
7763,Thionville
7764,Villers Houlgate
7765,Biesheim
7766,Aubervilliers
7767,Wasquehal
7768,Asteras Tripolis II
7769,Upington City
7770,Kruger United
7771,Highbury
7772,Leruma United
7773,Milford
7774,Lyn 1896
7775,Ellas Syros
7778,Vihren Sandanski
8010,BKMA Yerevan
8012,FC Van
8016,FC Floresti
8021,Vora
8033,Lernayin Artsakh
8036,Posušje
8037,Željezničar
8048,Atlético Ottawa
8053,Vancouver
8061,Guanacasteca
8062,Sporting SJ
8071,Municipal Liberia
8074,Santa Ana
8077,BA FA
8078,Labasa
8079,Lautoka
8080,Nadi
8081,Nadroga
8082,Navua
8083,Rewa
8084,Suva
8087,MP Mikkelin
8172,Gareji
8179,Kolkheti Poti
8180,Spaeri
8181,Meshakhte
8184,Gokulam
8185,NEROCA
8186,Punjab FC
8187,Real Kashmir
8189,TRAU
8192,Bengaluru United
8194,Kerala Blasters
8195,Rajasthan
8204,Mohun Bagan SG
8205,Persiraja Banda Aceh
8206,Persita Tangerang
8208,RANS Nusantara
8209,Dewa United
8211,PSBS Biak Numfor
8212,PSIM Yogyakarta
8213,Garudayaksa
8215,Persekat Tegal
8216,Perserang Serang
8220,Persijap Jepara
8221,Persis Solo
8222,Bekasi City
8237,Johor Darul Ta'zim
8238,Penang
8239,Kelantan
8240,Kuching FA
8244,Manjung City
8246,Star City
8256,Melaka
8258,FC Bălți
8260,Dacia-Buiucani
8261,Olimp Comrat
8262,FC Sireți
8264,Spartanii Selemet
8265,Speranța Drochia
8276,EFA Visoca
8278,Flacăra Făleşti
8282,Auckland United
8283,Bay Olympic
8284,Birkenhead United
8285,Ferrymead Bays
8286,Coastal Spirit
8287,Christchurch United
8288,Cashmere Technical
8292,Northern AFC
8295,Petone
8299,Melville United
8300,Manukau United
8301,Mosgiel
8302,Western Springs
8303,Nomads United
8304,Liptovský Mikuláš
8306,Petržalka
8314,Bilje
8319,Bistrica
8320,Khon Kaen United
8322,Nong Bua Pitchaya
8323,Ayutthaya United
8324,Khonkaen
8325,Customs United
8326,Kasetsart
8327,Lampang
8330,Soliman
8331,Jendouba Sport
8332,Jerba
8333,Kalaâ Sport
8335,Korba
8336,Al-Orooba
8338,Al-Bataeh
8342,Dibba Al-Hisn
8345,Aral Nukus
8346,FC Olympic
8348,Quy Nhon United
8349,Hong Lĩnh Hà Tĩnh
8350,Nam Dinh
8352,Truong Tuoi
8353,Ho Chi Minh City
8354,Cong An Ha Noi
8356,PVF-CAND
8370,Radès
8374,Zarzis
8375,Oued Ellil
8378,Mohammedia
8384,Brinje Grosuplje
8387,Skuad Projek
8393,Shortan
8402,AS Simba
8403,Blessing
8404,JS Kinshasa
8405,Lubumbashi Sport
8406,Racing C. Kinshasa
8407,Rangers
8408,Renaissance
8409,Villanueva
8413,Olancho
8414,Genesis Huracan
8421,Estrella Roja
8431,FC Alvarado
8440,TP Molunge
8441,US Tshinkunku
8442,AC Dibumba
8443,DC Virunga
8444,OC Bukavu Dawa
8445,FC Etoile du Kivu
8446,Kuya Sport
8447,Panda B5
8449,FC Ecofoot
8450,CS Makiso
8451,MK Etanchéité
8454,FC Océan Pacifique
8455,AS New Soger
8456,AS Saint Luc
8458,AC Maika
8459,AC Capaco
8460,AS Nika
8471,Ninh Binh
8472,Lamphun Warrior
8474,Nakhon Pathom
8481,Bankhai United
8482,Cha Choeng Sao
8484,Chanthaburi
8486,ACDC
8488,Abuja FC
8489,Sokoto
8491,Malumfashi
8493,Doma United
8494,Nigeria Airforce FC
8497,Bendel
8499,Ijebu
8501,Sporting Lagos
8504,Abia Comets
8505,Sportivo Ameliano
8506,Atlético Colegiales
8507,Pastoreo
8508,Western Suburbs
8509,Wellington Olympic
8511,Miramar Rangers
8512,Wellington Phoenix B
8513,Napier City Rovers
8514,Nelson Suburbs
8516,Bilbao Athletic
8519,Don Benito
8520,Alavés B
8521,R. Madrid Castilla
8523,Valencia Mestalla
8528,Tropezón
8529,San Juan
8532,São Bernardo
8533,Água Santa
8534,Sousa
8535,GAS
8537,Retrô
8538,Uberlândia
8539,Mladost Novi Sad
8540,Timok Zaječar
8549,Jedinstvo Surčin
8550,Jedinstvo Paraćin
8556,Zvezdara
8560,OFK Vršac
8561,Jošanica
8567,Treaty United
8568,Havadar
8569,Arman Gohar
8570,Esteghlal Mollasani
8571,Qashqai
8573,Vista Turbine
8574,Bandar Astara
8575,Shahrdari Hamedan
8576,Shams Azar Qazvin
8577,Kheybar Khorramabad
8578,Mes Shahr-e Babak
8579,Universitario de Vinto
8580,Universitario de Sucre
8581,Fernández Vial
8582,Suzhou Dongwu
8583,Wuhan Three Towns
8585,Aris Limassol
8588,Admira Praha
8589,Cumbayá
8590,Libertad
8591,Modern
8592,El Sharqia Dokhan
8593,Asyut Petrol
8595,Porto Suez
8597,USM Oujda
8598,Union Touarga
8599,Martín Ledesma
8600,Guaraní de Fram
8601,ADT
8602,Alfonso Ugarte
8605,Siheung
8607,Yomraspor
8609,Mardin 1969
8610,La Luz
8612,Artigas
8613,Salto
8614,Paysandú
8615,Anzoátegui
8616,Héroes de Falcón
8617,Nueva Esparta
8620,Tritones Vallarta
8621,Halcones
8622,Coras
8624,Jaguares Chiapas
8625,Petro. Salamanca
8628,Zacatepec
8631,Ben Aknoun
8635,Khenchela
8637,Iwaki
8639,Kataller Toyama
8640,Tegevajaro Miyazaki
8641,Vanraure Hachinohe
8650,Osaka
8657,Paju Frontier
8669,Charlotte Independence
8670,Monterey Bay
8671,Central Valley Fuego
8672,Northern Colorado
8680,La Linguère
8681,Canon Yaoundé
8686,Stade Renard
8691,Cotonsport
8693,Horoya
8696,CI Kamsar
8697,Milo
8698,Ashanti GB
8699,Hafia
8711,Central Coast
8713,Honiara City
8715,KOSSA
8718,Marist Fire
8723,AS Jeunes Tahitiens
8724,AS Mataiea
8725,AS Pueu
8726,Arue
8727,Central Sport
8728,Dragon
8729,Excelsior
8730,Manu Ura
8731,Olympic Mahina
8732,AS Pirae
8733,Vénus
8734,Tefana
8735,Tiare Tahiti
8737,Hekari United
8739,Lae City
8741,Morobe Wawens
8746,Herrera
8747,Panamá City
8748,Veraguas
8752,Hienghène Sport
8755,AS Lössi
8756,Magenta
8760,Tiga Sport
8768,Malisheva
8770,Al-Karkh
8772,Zakho
8776,Panthère
8785,Hércules
8786,Platense
8788,UD Sanse
8789,Unionistas
8790,Ejea
8791,Tarazona
8792,Tamaraceite
8795,Yadanarbon
8803,Al-Arabi
8806,Al-Hussein Irbid
8810,Maharlika
8811,Mendiola United
8816,Istiklol Dushanbe
8817,Kuwait SC
8827,Recanatese
8828,Giugliano
8829,Pineto
8830,Ponte San Pietro
8832,Sangiovannese
8840,Pianese
8842,Gozzano
8843,Amarante
8844,Anadia
8846,Bragança
8847,Caldas
8854,Marinhense
8857,Oliveira Hospital
8860,Sporting B
8861,Guimarães B
8863,Tirsense
8865,Vianense
8866,Vilaverdense
8873,Marcílio Dias
8877,Portuguesa
8878,Rio Branco-ES
8881,Tocantinópolis
8884,Trem
8885,Tuna Luso
8886,URT
8891,Pouso Alegre
8892,Porto Velho
8896,Nova Iguaçu
8897,Lagarto
8898,Humaitá
8900,Fluminense-PI
8903,Ceilândia
8904,CSE
8906,Azuriz
8907,Anápolis
8908,Amazonas
8909,Sacachispas
8910,San Telmo
8911,Tristán Suárez
8912,Argentino Monte Maíz
8913,Cipolletti
8914,Circulo Deportivo
8915,Ciudad de Bolívar
8916,Camioneros
8917,Gimnasia Concepción
8918,Gimnasia y Tiro
8919,Independiente Chivilcoy
8920,Juventud Antoniana
8921,Liniers Bahía Blanca
8922,Racing Córdoba
8923,San Martín Formosa
8924,Sol de Mayo
8927,Acassuso
8928,Argentino Quilmes
8929,Cañuelas
8930,Colegiales
8931,Comunicaciones
8932,Defensores Unidos
8933,Deportivo Armenio
8934,Dock Sud
8935,Fénix
8936,Ituzaingó
8938,San Miguel
8939,Talleres (RdE)
8940,UAI Urquiza
8941,União Santarém
8944,Pêro Pinheiro
8947,Paredes
8954,Castro Daire
8956,Brito
8959,1º Dezembro
8960,AR São Martinho
8964,Mortágua
8967,Sporting Braga B
8968,São João Ver
8969,Fiorenzuola
8970,Folgore Caratese
8972,Trento
8974,Ancona
8975,Picerno
8978,Audace Cerignola
8979,Juventud Unida (U)
8980,Deportivo Español
8982,Atlas
8984,Deportivo Laferrere
8987,Sportivo Italiano
8988,Real Pilar
8992,San Martín Burzaco
8995,Berazategui
9001,Jorge Newbery CR
9004,Altos Hornos Zapla
9006,Independiente (N)
9025,La Unión
9033,Unibolívar
9034,Dep. Concepción
9035,Deportes Limache
9036,Indep. Cauquenes
9037,Real San Joaquín
9038,Rodelindo Román
9039,San Antonio Unido
9040,Trasandino
9041,Deportes Rengo
9044,La Pintana Unida
9049,Pilmahue
9054,Rancagua Sur
9055,SS Sfaxien
9061,Colón
9070,Sol del Este
9072,Deportivo Caaguazú
9074,Sportivo Carapeguá
9078,12 de Junio
9079,Bembla
9080,CS Tabarka
9084,Durazno
9085,Kroměříž
9088,Motorlet Praha
9089,Králův Dvůr
9090,Povltava FA
9091,Písek
9093,Slovan Velvary
9097,Loko Vltavín
9098,Sokol Brozany
9102,Zbuzany
9105,Andrézieux
9106,Aubagne Air-Bel
9107,Bourges Foot 18
9108,Bergerac
9109,Fleury 91
9110,Canet Roussillon
9111,Haguenau
9112,Hyères
9114,Belenenses
9116,Coruchense
9118,O Elvas
9122,Alzira
9123,Ardoi
9124,Arosa
9125,Atlético Pulpileño
9127,Palencia CA
9128,CD Coria
9129,Cayón
9130,Europa
9131,Gimnástica Segoviana
9132,Laredo
9133,Intercity
9134,Llanera
9138,Real Avilés
9139,Peña Deportiva
9141,Sestao River
9142,UD San Fernando
9144,Águilas
9145,Adıyaman 1954
9146,Bucaspor 1928
9148,Isparta 32 Spor
9149,Sarıyer
9151,Somaspor
9152,Şanlıurfaspor
9154,52 Orduspor
9156,Kütahyaspor
9158,Edirnespor
9159,Esenler Erokspor
9164,Bayrampaşaspor
9165,Batman Petrolspor
9170,Muğlaspor
9174,İskenderunspor
9179,Barra
9180,Athletic Club
9181,Camboriú
9182,Concórdia
9183,Democrata GV
9184,Guarany de Bagé
9187,Maringá
9188,Novo Hamburgo
9206,Vukovar
9207,Levski Krumovgrad
9208,Asenovets
9210,Uruguay Montevideo
9211,Cúcuta Deportivo
9220,Irevan FK
9223,Shirvanovka FK
9229,Agsu City
9231,Bayreuth
9232,VfB Oldenburg
9241,La Nucía
9242,Andratx
9243,Antequera
9244,Bergantiños
9245,Arenteiro
9247,Campobasso
9248,Szeged-Csanád
9253,M. Bnei Raina
9254,Atlético La Paz
9257,Dumbrăviţa
9258,Oţelul Galaţi
9259,Cape Town Spurs
9260,AFSK Kyiv
9261,El Bayadh
9266,ABB
9268,Quepos Cambute
9270,Dugo Selo
9272,Dorking Wanderers
9273,York City
9274,Nõmme United
9275,Pärnu
9277,Versailles
9278,Angoulême
9279,Chamalières
9280,Furiani-Agliani
9281,Jura Sud Foot
9282,Marignane Gignac
9286,Bremer SV
9289,Iraklis
9291,Olympiacos II
9293,Arzignano Valchiampo
9301,Egersund
9302,Flekkerøy
9304,Gjøvik-Lyn
9305,Kjelsås
9307,Moss
9308,Sotra
9311,A. Khorramshahr
9312,Chooka Talesh
9313,Damash Gilan
9315,Foolad B
9318,Mes Novin Kerman
9319,Navad Urmia
9320,Niroye Zamini
9322,Sepidrood Rasht
9323,S. Bandar Ameri
9327,Darya Babol
9329,Vanpars
9330,Super Nova
9332,Grobiņa
9334,Rēzekne FA
9335,Skanste
9339,Hegelmann Litauen
9341,BFA
9342,Babrungas
9346,Neptuna Klaipeda
9350,Alliance
9351,Harju JK
9354,JK Tabasalu
9355,FC Tallinn
9356,Läänemaa JK
9371,Jedinstvo Ub
9374,Bečej
9376,Kelty Hearts
9377,Bonnyrigg Rose
9379,M. Kabilio Jaffa
9385,Maccabi Herzliya
9401,Považská Bystrica
9409,Termez Surkhon
9412,Laval
9413,Blainville
9414,Longueuil
9415,Saint-Laurent
9416,Royal Beauport
9419,Victoria Bardar
9425,Guangxi Pingguo
9426,Qingdao Hainiu
9427,Qingdao West Coast
9428,Ningbo
9429,Shijiazhuang Gongfu
9430,LNZ Cherkasy
9432,Livyi Bereh
9436,V. Mykolaivka
9438,Botev Plovdiv II
9439,Bdin
9443,BVSC
9453,Karcag SE
9465,Nagykanizsa
9474,Al-Arabi
9475,Al-Kholood
9476,Al-Orubah
9481,Al-Jandal
9482,Al-Najma
9485,Al-Taraji
9486,Al-Zulfi
9489,Al-Sadd
9490,Al-Nairyah
9492,Al-Saqer
9500,Aurora
9502,Mictlán
9507,Sacachispas
9508,San Pedro
9511,Colwyn Bay
9515,Trefelin
9516,C.D. São Salvador
9517,Saurimo
9518,Jackson Garcia
9520,Ferroviário Huambo
9522,Vitória do Bié
9526,ASK Dragão
9527,Renascimento
9528,CD Lunda-Sul
9529,Sporting Benguela
9530,Achuapa
9539,Hungry Lions
9541,Venda FC
9542,Casric Stars
9544,Marumo Gallants
9546,Bofoakwa Tano
9548,Berekum Arsenal
9549,Ebusua Dwarfs
9550,Nzema Kotoco
9551,Wassaman United
9552,Sekondi Hasaacas
9553,Accra City Stars
9554,Nania FC
9555,Kotoku Royals
9556,Vision FC
9557,Swedru All Blacks
9558,Tema Youth FC
9560,Al-Hudod
9561,Al-Kahrabaa
9562,Al-Minaa Basra
9564,Al-Talaba
9565,Al-Qasim
9567,Erbil
9572,Rayados de Chiriquí
9576,San Martín
9577,UMECIT
9580,Dodoma Jiji
9582,Singida Black Stars
9583,JKT Tanzania
9584,KMC
9585,Kagera Sugar
9586,Polisi Tanzania
9587,Tanzania Prisons
9593,Al-Bahri
9594,Al-Difaa Al-Madani
9595,Al-Hussein
9596,Babylon
9597,Diyala
9598,Ghaz Al-Shamal
9599,Karbalaa
9600,Maysan
9601,Suq Al-Shuyukh
9602,Al-Nasiriya
9603,Al-Ramadi
9604,Al-Shirqat
9607,Mshikamano FC
9609,Alliance
9611,Pamba SC
9612,Rhino Rangers
9615,Barberian
9616,Transit Camp
9617,Cacahuatique
9618,Fuerte San Francisco
9624,Kotayk
9625,Spartak Yerevan
9627,Kumayri
9630,Green Warriors
9632,Étoile Carouge
9641,Düzcespor
9642,Geita Gold
9646,Al-Fahaheel
9652,Newroz
9653,Samarra
9655,Bibiani Gold Stars
9656,Saint-Malo
9657,Saint-Priest
9658,Hrvace
9659,Jadran Poreč
9661,Zrinski Jurjevac
9663,West Armenia
9664,Aresimi
9674,Sangiuliano
9677,Alcione
9681,Accra Lions
9682,Nsoatreman
9684,Samartex
9688,CSC Şelimbăr
9690,Náxara
9691,Arnedo
9692,Atlético Paso
9693,Alfaro
9694,Beasain
9695,Xerez Deportivo
9696,Argentino Merlo
9698,Excursionistas
9699,General Lamadrid
9701,CSD Liniers
9702,Luján
9703,Ferrocarril Midland
9705,Victoriano Arenas
9707,PAOK II
9711,Aris Petroupolis
9729,Lexington
9730,One Knoxville
9731,St. Louis City
9733,Recoleta
9734,Baladiyyat
9737,Ittifaq Marrakech
9739,Rogba Tataouine
9740,JS Omrane
9741,Isaac de Benguela
9742,Estepona
9746,Foz do Iguaçu
9747,Operário FC MS
9750,Slavia Praha B
9751,Baník Ostrava B
9755,Águia de Marabá
9761,Casarano
9767,FC Vado
9773,Borgosesia
9781,Racing France
9783,Sporting Lyon
9785,Stade Bordelais
9786,Vierzon FC
9788,Yupanqui
9789,Taunton Town
9790,Worthing
9792,Ashton United
9797,Basford United
9799,Cheshunt
9801,Farnborough
9802,Peterborough Sp
9811,Chesham United
9814,Cray Wanderers
9815,Enfield Town
9816,Folkestone Invicta
9821,Hastings United
9825,Kingstonian
9828,Marine
9830,Merthyr Town
9839,Radcliffe
9841,Rushall Olympic
9842,South Shields
9851,Weston-super-Mare
9887,Ulm
9899,Gim. Torrelavega
9900,SD Ibiza
9901,Juv. Torremolinos
9903,Manresa
9905,Oviedo Vetusta
9907,Recreativo
9909,Utebo
9920,Atl. Antoniano
9927,Atlético Monzón
9931,Atl. Tordesillas
9938,Azuaga
9940,Badalona
9941,Barbastro
9943,Basconia
9948,Binéfar
9956,Calamocha
9968,Cieza
9969,Ciudad de Lucena
9979,Cortes
9981,Deportiva Minera
9986,Escobedo
9987,Estradense
10001,Illescas
10016,Las Rozas
10034,Oyonesa
10043,Penya Independent
10048,Poblense
10052,Puente Genil
10053,Quintanar del Rey
10055,RSD Alcalá
10061,Real Ávila
10077,Sámano
10083,Torre del Mar
10084,AD Torrejón
10086,Torrent
10094,UD Ourense
10098,Unión Sur Yaiza
10103,Valle Egüés
10109,Villacañas
10111,Villalbés
10119,RFK Novi Sad 1921
10121,Nakhon Si United
10122,Rayong FC
10130,Vila Meã
10132,AVS
10133,Lusitano Évora 1911
10134,Machico
10136,Khust City
10137,Druzhba
10138,Kudrivka
10142,Los Cabos United
10148,Sreenidi Deccan
10151,COD Meknès
10152,Bashkimi Kumanovo
10156,Al Tadhamon
10162,Colombe
10165,Uthai Thani
10170,US Souf
10174,İmişli
10176,BSK Banja Luka
10183,Arnavutköy Bld
10185,1984 Muşspor
10188,76 Iğdır Bld
10193,Erbaaspor
10198,Orduspor 1967
10199,Çatalcaspor
10217,Atlético Madrid C
10218,Tenerife B
50000,Independência RB
50001,SC Penedense
50002,Barcelona Ilhéus
50003,Jequié
50005,Porto Vitória
50006,Goiânia
50007,Goiatuba
50008,Maricá
50009,Monte Azul
50010,União-TO
50011,Cajamarca
50012,Bentín TH
50013,22 de Julio
50016,Portland Hearts
50017,AV Alta
50018,Naples
50019,Texoma
50020,Westchester
50021,Ulytau
50022,Dalian K'un City
50023,Shenzhen Juniors
50024,Cambridge
50025,Fencibles United
50026,Upper Hutt City
50027,Velo Clube
50028,Noroeste
50029,Betim
50031,Monsoon
50032,Santa Catarina
50035,Tai'an Tiankuang
50037,Scrosoppi
50038,Vaughan Azzurri
50039,Real Oruro
50048,Costa Brava
50049,Bartolomé Mitre (P)
50050,Gimnasia y E. (Ch)
50053,Huntsville City
50055,Foshan Nanshi
50056,Changchun Xidu
50057,Wenzhou FC
50058,Guangzhou Dandelion
50059,Shenzhen 2028
50060,Ganzhou Ruishi
50061,Kunming City
50062,Quanzhou Yassin
50063,Haimen Codion
50064,Hangzhou Linping
50065,Porreres
50066,Sarriana
50067,Academia PC B
50068,Tochigi City
50069,Al-Ula
50070,AFC Totton
50071,Aviron Bayonnais
50072,Chauray
50073,Lorient II
50074,Dieppe
50075,Montlouis
50076,Limonest
50077,FC Rousset
50078,CA Central
50079,Hoffenheim II
50080,Ospitaletto
50081,D. Bellunesi
50082,Guidonia
50083,Inter U23
50084,Olimpik Mobiuz
50085,FK FarDU
50086,Jayhun Nukus
50087,KAA Gent II
50088,Aliaga FK
50089,Kahramanmaras
50090,Krasava Ypsonas
50091,Al-Anwar
50092,Nacional Sonsonate
50094,DPMM
50095,Atlètic Lleida
50097,Hubei Istar
50098,Wieczysta Kraków
50099,Marco
50100,Probiy Horodenka
50101,Ušće
50102,Dinamo Jug
50103,FK FAP
50104,Ironi Modi'in
50105,Kiryat Yam
50106,Belisia
50107,Ninove
50108,Lyra-Lierse
50109,Stockay
50110,Union Rochefortoise
50112,Barau
50113,Kun Khalifat
50114,Kanchanaburi Power
50115,Redonda
50116,Luanda City
50117,Guelson
50118,MB Rouissat
50119,Kahrabaa Ismailia
50120,Orbit College
50121,Gomora United
50122,Midlands Wanderers
50124,Chanmari
50125,Al-Mosul
50126,Al-Gharraf
50127,Fard Alborz
50128,Shenavar Sazi
50129,Naft Gachsaran
50130,Palayesh Naft
50131,Wānaka
50132,Amal Tiznit
50133,Sportive Boujaad
50134,Guangdong Mingtu
50135,Lanzhou Longyuan
50136,Chongde Ronghai
50137,Guangxi Lanhang
50138,UD Castellonense
50139,Utiel
50140,Palm City
50141,United
50142,CS MRO
50143,Deportivo INCA
50144,CD Fuerte Aguilares
50145,Sensunte Cabañas
50146,AD Batanecos
50147,Unión Coclé
50148,Chiquimulilla
50149,The Bees
50150,Lerumo Lions
50151,Bush Bucks
50152,Mkhambathi
50153,Vasco da Gama SA
50154,Kakamas Juventus
50155,Uni of Johannesburg
50156,Wits University
50157,Washington Athletic
50160,FC Arizona
50161,Sarasota Paradise
50164,Miami United
50165,Riga Mariners
50166,Mārupes
50167,Houtvenne
50168,Diegem Sport
50169,Zelzate
50170,Merelbeke
50171,Habay-La-Neuve
50173,Petróleos do Huambo
50174,Manika
50175,Martin Pecheur
50176,Tshikas
50177,Mbuni
50178,Mbeya Kwanza
50179,Gunners
50180,TMA
50181,Bigman Security
50182,Songea United
50183,African Sports
50184,Hausung
50185,B19
50187,PSPS Pekanbaru
50188,Kendal Tornado
50189,Paraguarí
50190,3 de Noviembre
50191,Benjamín Aceval
50192,Sport Huancayo II
50193,Cuenca Jrs
50194,Oratório
50195,Porto-BA
50196,Tirol
50197,Abecat
50198,Inhumas
50199,IAPE
50200,Primavera
50201,Pantanal
50202,Serra Branca
50203,Maguary
50204,Decisão
50205,Piauí
50206,Laguna
50207,Guaporé
50208,Monte Roraima
50209,Blumenau
50210,Araguaína
50211,Supra du Québec
50212,Western
50213,Brooklyn
50214,Boise
50215,Corpus Christi
50216,Fort Wayne
50217,Capivariano
50218,North
50219,Inter Santa María
50220,Carlos Renaux
50222,Hohoe United
50223,AS Temanava
50224,Atlético Ávila
50225,Def. Vilelas
50226,FADEP
50227,Tucumán Central
50228,Atl. Escobar
50229,Sardarapat
50230,Shafa Baku
50231,Rilski Sportist
50232,SG Sonnenhof
50233,U. Skierniewice
50234,Pyrgos
50235,Uskok Klis
50236,Ștefănești
50237,Lokomotyv Kyiv
50238,Kulykiv-Bilka
50239,Walton & Hersham
50240,Farnham Town
50241,Hebburn
50242,Harborough
50243,Spalding United
50244,Cambrian United
50245,Gladsaxe
50247,JS El Biar
50248,77 Arachinovo
50249,Sebat Gençlikspor
50251,Kafkasspor
50252,Bingölspor
50253,Çorluspor 1947
50254,Desenzano
50255,Ostiamare
50256,Scafatese
50257,Pattani
50258,Rasisalai United
50259,UM-Damansara
50260,Isenmulang Kalteng
50261,Al-Jolan
50262,Kafr Qasim
50263,Arsenal Česká Lípa
50264,Inter San Carlos
50265,Kolos B
50266,Polissya B
50267,Atlético Albacete
50268,Girona B
50269,Mijas-Las Lagunas
50270,UD Logroñés B
50271,Bor 1919
50272,Proleter
50273,Luanda
50274,Port City
50275,Debibi United
50276,Hope
50277,Nwu
50278,Ranchers Bees
50279,Inter Lagos
50280,Sakiet Eddaïer
50281,El Qanah
50282,Kelantal R Warriors
50290,Castellón B
50291,Real Madrid C
50301,Al-Ittifaq
50314,Bumprom Gomel
50315,Ostrovets
50373,Bac Ninh
9999999,Free Agents